-- CREATION
DROP DATABASE IF EXISTS fleurs;
CREATE DATABASE fleurs;
USE fleurs;

CREATE TABLE adresse (
    id_adresse INT UNSIGNED NOT NULL PRIMARY KEY AUTO_INCREMENT,
    numero_rue INT UNSIGNED NOT NULL,
    nom_rue VARCHAR(255) NOT NULL,
    code_postal INT UNSIGNED NOT NULL,
    ville VARCHAR(255) NOT NULL
);

CREATE TABLE client (
    id_client INT UNSIGNED NOT NULL PRIMARY KEY AUTO_INCREMENT,
    nom_client VARCHAR(255) NOT NULL,
    prenom_client VARCHAR(255) NOT NULL,
    email_client VARCHAR(255) NOT NULL,
    telephone_client VARCHAR(20) NOT NULL,
    mot_de_passe VARCHAR(255) NOT NULL,
    carte_de_credit VARCHAR(255) NOT NULL,
    id_adresse INT UNSIGNED NOT NULL,
    UNIQUE KEY `email_client` (`email_client`),
    CONSTRAINT fk_client_adresse FOREIGN KEY (id_adresse) REFERENCES adresse(id_adresse)
);

CREATE TABLE produit (
    id_produit INT UNSIGNED NOT NULL PRIMARY KEY AUTO_INCREMENT,
    nom_produit VARCHAR(255) NOT NULL,
    prix_produit FLOAT NOT NULL,
    categorie_produit ENUM("fleur", "accessoire") NOT NULL
);

CREATE TABLE magasin (
    id_magasin INT UNSIGNED NOT NULL PRIMARY KEY AUTO_INCREMENT,
    nom_magasin VARCHAR(255) NOT NULL,
    id_adresse INT UNSIGNED NOT NULL,
    CONSTRAINT fk_magasin_adresse FOREIGN KEY (id_adresse) REFERENCES adresse(id_adresse)
);

CREATE TABLE stock (
    id_produit INT UNSIGNED NOT NULL,
    id_magasin INT UNSIGNED NOT NULL,
    quantite_stock INT UNSIGNED NOT NULL,
    CONSTRAINT fk_stock_produit FOREIGN KEY (id_produit) REFERENCES produit(id_produit),
    CONSTRAINT fk_stock_magasin FOREIGN KEY (id_magasin) REFERENCES magasin(id_magasin),
    PRIMARY KEY (id_produit, id_magasin)
);

CREATE TABLE bouquet (
    id_bouquet INT UNSIGNED NOT NULL PRIMARY KEY AUTO_INCREMENT,
    nom_bouquet VARCHAR(255) NOT NULL,
    prix_bouquet FLOAT NOT NULL,
    desc_bouquet TEXT NOT NULL,
    categorie_bouquet VARCHAR(255) NOT NULL
);

CREATE TABLE compose (
    id_bouquet INT UNSIGNED NOT NULL,
    id_produit INT UNSIGNED NOT NULL,
    quantite_compose INT UNSIGNED NOT NULL,
    CONSTRAINT fk_compose_bouquet FOREIGN KEY (id_bouquet) REFERENCES bouquet(id_bouquet) ON DELETE CASCADE,
    CONSTRAINT fk_compose_produit FOREIGN KEY (id_produit) REFERENCES produit(id_produit) ON DELETE CASCADE,
    PRIMARY KEY (id_bouquet, id_produit)
);

CREATE TABLE commande (
    id_commande INT UNSIGNED NOT NULL PRIMARY KEY AUTO_INCREMENT,
    statut ENUM("VINV", "CC", "CPAV", "CAL", "CL") NOT NULL,
    message_accompagnement TEXT NOT NULL,
    commentaire_commande TEXT NOT NULL,
    id_magasin INT UNSIGNED NOT NULL,
    prix_maximum FLOAT NULL,
    date_commande DATETIME NOT NULL,
    date_livraison_souhaitee DATETIME NOT NULL,
    id_adresse INT UNSIGNED NOT NULL,
    id_client INT UNSIGNED NOT NULL,
    prix_avant_reduc FLOAT NOT NULL,
    -- si le client choisit un bouquet standard, il paiera peut-être moins cher que tous les produits à l'unité
	-- donc on stocke le prix par commande (cela évite en plus de refaire la somme à chaque fois)
    pourc_reduc_prix INT UNSIGNED NOT NULL,
    id_bouquet_base INT UNSIGNED NULL,
    -- uniquement à des fins statistiques
    CONSTRAINT fk_commande_magasin FOREIGN KEY (id_magasin) REFERENCES magasin(id_magasin) ON DELETE CASCADE,
    CONSTRAINT fk_commande_adresse FOREIGN KEY (id_adresse) REFERENCES adresse(id_adresse) ON DELETE RESTRICT,
    CONSTRAINT fk_commande_client FOREIGN KEY (id_client) REFERENCES client(id_client) ON DELETE CASCADE,
    CONSTRAINT fk_commande_bouquet FOREIGN KEY (id_bouquet_base) REFERENCES bouquet(id_bouquet) ON DELETE SET NULL
);

CREATE TABLE contient (
    id_commande INT UNSIGNED NOT NULL,
    id_produit INT UNSIGNED NOT NULL,
    quantite_contient INT UNSIGNED NOT NULL,
    CONSTRAINT fk_contient_commande FOREIGN KEY (id_commande) REFERENCES commande(id_commande) ON DELETE CASCADE,
    CONSTRAINT fk_contient_produit FOREIGN KEY (id_produit) REFERENCES produit(id_produit) ON DELETE CASCADE,
    PRIMARY KEY (id_commande, id_produit)
);

DROP USER IF EXISTS bozo@localhost;
CREATE USER bozo@localhost IDENTIFIED BY 'bozo';
GRANT SELECT ON fleurs.* TO bozo@localhost;

-- REMPLISSAGE
-- remplissage automatiquement généré par le script 'creer_sql_final.py'
INSERT INTO adresse (id_adresse, numero_rue, nom_rue, code_postal, ville) VALUES
  (1, 4, 'boulevard Léonard de Vinci', 75000, 'Paris'),
  (2, 52, 'impasse de la Croix', 69000, 'Lyon'),
  (3, 58, 'impasse du Lézard', 69000, 'Lyon'),
  (4, 60, 'boulevard de la Poste', 31000, 'Toulouse'),
  (5, 12, 'impasse de la Chapelle', 31000, 'Toulouse'),
  (6, 14, 'rue de la Gare', 75000, 'Paris'),
  (7, 27, 'boulevard Général de Gaulle', 92600, 'Asnières-sur-Seine'),
  (8, 55, 'avenue de la Paix', 75000, 'Paris'),
  (9, 71, 'boulevard du Lézard', 69000, 'Lyon'),
  (10, 73, 'impasse de la Chapelle', 13000, 'Marseille'),
  (11, 20, 'boulevard de la Mairie', 75000, 'Paris'),
  (12, 36, 'impasse de la République', 75000, 'Paris'),
  (13, 29, 'boulevard de la République', 92600, 'Asnières-sur-Seine'),
  (14, 37, 'avenue du Lézard', 92600, 'Asnières-sur-Seine'),
  (15, 33, 'avenue Général de Gaulle', 92600, 'Asnières-sur-Seine'),
  (16, 43, 'impasse de la Poste', 13000, 'Marseille'),
  (17, 25, 'rue Général de Gaulle', 92400, 'Courbevoie'),
  (18, 60, 'rue de la Croix', 13000, 'Marseille'),
  (19, 28, 'rue de la Fontaine', 75000, 'Paris'),
  (20, 96, 'avenue de la Plage', 69000, 'Lyon'),
  (21, 67, 'avenue de la Liberté', 31000, 'Toulouse'),
  (22, 32, 'impasse de la Fontaine', 69000, 'Lyon'),
  (23, 8, 'impasse des Parisiens', 69000, 'Lyon'),
  (24, 77, 'impasse des Parisiens', 31000, 'Toulouse'),
  (25, 95, 'boulevard Léonard de Vinci', 75000, 'Paris'),
  (26, 94, 'avenue de la Plage', 31000, 'Toulouse'),
  (27, 49, 'rue Général de Gaulle', 75000, 'Paris'),
  (28, 88, 'boulevard de la Fontaine', 75000, 'Paris'),
  (29, 64, 'impasse du Lézard', 69000, 'Lyon'),
  (30, 39, 'boulevard de la Poste', 69000, 'Lyon'),
  (31, 67, 'avenue de la Croix', 92400, 'Courbevoie'),
  (32, 52, 'rue de la République', 92400, 'Courbevoie'),
  (33, 46, 'impasse de la Fontaine', 13000, 'Marseille'),
  (34, 48, 'impasse Léonard de Vinci', 92400, 'Courbevoie'),
  (35, 27, 'rue Général de Gaulle', 31000, 'Toulouse'),
  (36, 88, 'boulevard des Parisiens', 75000, 'Paris'),
  (37, 55, 'impasse de la Gare', 92400, 'Courbevoie'),
  (38, 96, 'impasse des Parisiens', 75000, 'Paris'),
  (39, 90, 'boulevard Léonard de Vinci', 92400, 'Courbevoie'),
  (40, 92, 'avenue de la République', 69000, 'Lyon'),
  (41, 55, 'rue de la Plage', 31000, 'Toulouse'),
  (42, 97, 'boulevard de la Paix', 92400, 'Courbevoie'),
  (43, 52, 'impasse de la Source', 92600, 'Asnières-sur-Seine'),
  (44, 68, 'avenue de la Chapelle', 75000, 'Paris'),
  (45, 16, 'boulevard Léonard de Vinci', 31000, 'Toulouse'),
  (46, 32, 'boulevard de la Gare', 75000, 'Paris'),
  (47, 4, 'impasse de la Mairie', 69000, 'Lyon'),
  (48, 40, 'impasse Général de Gaulle', 92400, 'Courbevoie'),
  (49, 3, 'avenue des Parisiens', 31000, 'Toulouse'),
  (50, 69, 'impasse du Lézard', 13000, 'Marseille'),
  (51, 25, 'boulevard de la République', 13000, 'Marseille'),
  (52, 86, 'avenue de la Liberté', 31000, 'Toulouse'),
  (53, 8, 'impasse de la Source', 92600, 'Asnières-sur-Seine'),
  (54, 83, 'rue de la Liberté', 92400, 'Courbevoie'),
  (55, 91, 'avenue de la Plage', 31000, 'Toulouse'),
  (56, 39, 'boulevard des Parisiens', 31000, 'Toulouse'),
  (57, 2, 'avenue du Lézard', 92600, 'Asnières-sur-Seine'),
  (58, 95, 'rue de la Croix', 75000, 'Paris'),
  (59, 12, 'rue de la Poste', 69000, 'Lyon'),
  (60, 60, 'rue de la République', 92600, 'Asnières-sur-Seine');

INSERT INTO client (id_client, nom_client, prenom_client, email_client, telephone_client, mot_de_passe, carte_de_credit, id_adresse) VALUES
  (1, 'ROBERT', 'Emma', 'emma.robert@outlook.fr', '0933659424', '72493626', '5132824467925259', 1),
  (2, 'DURAND', 'William', 'william.durand@yahoo.fr', '0786116310', '58223554', '5132133576725549', 2),
  (3, 'MOREAU', 'William', 'william.moreau@hotmail.fr', '0258220308', '69397580', '5132514879869265', 3),
  (4, 'DUPONT', 'Oriane', 'oriane.dupont@orange.fr', '0290852515', '93103395', '4985271748668071', 4),
  (5, 'MOREAU', 'John', 'john.moreau@gmail.com', '0798810976', '64808606', '5132038341366437', 5),
  (6, 'ROUX', 'Louis', 'louis.roux@laposte.net', '0746960411', '83345441', '4985155979629888', 6),
  (7, 'MOREAU', 'Lucas', 'lucas.moreau@sfr.fr', '0116093218', '35040184', '5132067739164520', 7),
  (8, 'PETIT', 'Julien', 'julien.petit@yahoo.fr', '0237935052', '46027173', '5132311652737610', 8),
  (9, 'DURAND', 'Louis', 'louis.durand@yahoo.fr', '0289296555', '13126598', '5132253210924550', 9),
  (10, 'DURAND', 'Léo', 'leo.durand@sfr.fr', '0474224648', '22554169', '5132470322524558', 10),
  (11, 'BENOIT', 'Oriane', 'oriane.benoit@sfr.fr', '0985586815', '58118977', '4985129795690010', 11),
  (12, 'DUPONT', 'John', 'john.dupont@yahoo.fr', '0189737153', '23497727', '4985250652635472', 12),
  (13, 'MARTIN', 'Manon', 'manon.martin@hotmail.fr', '0961354378', '96243477', '4985439340484289', 13),
  (14, 'MOREAU', 'Kévin', 'kevin.moreau@free.fr', '0253535917', '24799678', '4985595781090405', 14),
  (15, 'DURAND', 'Emma', 'emma.durand@gmail.com', '0759240460', '86316796', '5132880894489049', 15),
  (16, 'BERNARD', 'Camille', 'camille.bernard@outlook.fr', '0583348364', '86969609', '4985326769588177', 16),
  (17, 'LEDOS', 'Thomas', 'thomas.ledos@example.org', '0102030405', 'toto', '5132000000000000', 20);

INSERT INTO magasin (id_magasin, nom_magasin, id_adresse) VALUES
  (1, 'Vert tige', 18),
  (2, 'Fine fleur', 19),
  (3, 'Fleur de vie', 20);

INSERT INTO produit (nom_produit, prix_produit, categorie_produit) VALUES
  ('Gerbera', 5, 'fleur'),
  ('Ginger', 4, 'fleur'),
  ('Glaïeul', 2, 'fleur'),
  ('Marguerite', 2.5, 'fleur'),
  ('Rose rouge', 3, 'fleur'),
  ('Rose blanche', 3, 'fleur'),
  ('Rose jaune', 3, 'fleur'),
  ('Muguet', 2, 'fleur'),
  ('Jacinthe bleue', 3.25, 'fleur'),
  ('Oiseau du paradis', 6, 'fleur'),
  ('Lys', 3.75, 'fleur'),
  ('Jacinthe jaune', 4, 'fleur'),
  ('Genet', 3.25, 'fleur'),
  ('Pensée bleue', 2.5, 'fleur'),
  ('Pensée rouge', 2.75, 'fleur'),
  ('Orchidée', 3, 'fleur'),
  ('Tulipe rouge', 3.5, 'fleur'),
  ('Tulipe blanche', 3.5, 'fleur'),
  ('Vase', 10, 'accessoire'),
  ('Pot', 5, 'accessoire'),
  ('Panier', 7, 'accessoire'),
  ('Bougie', 3, 'accessoire'),
  ('Boîte', 5, 'accessoire'),
  ('Verdure', 1, 'accessoire'),
  ('Feuille', 0.5, 'accessoire');

INSERT INTO stock (id_magasin, id_produit, quantite_stock) VALUES
  (1, 1, 51),
  (1, 2, 6),
  (1, 3, 99),
  (1, 4, 11),
  (1, 5, 22),
  (1, 6, 26),
  (1, 7, 26),
  (1, 8, 28),
  (1, 9, 17),
  (1, 10, 71),
  (1, 11, 30),
  (1, 12, 97),
  (1, 13, 23),
  (1, 14, 7),
  (1, 15, 38),
  (1, 16, 63),
  (1, 17, 16),
  (1, 18, 35),
  (1, 19, 56),
  (1, 20, 38),
  (1, 21, 73),
  (1, 22, 28),
  (1, 23, 94),
  (1, 24, 9),
  (1, 25, 39),
  (2, 1, 35),
  (2, 2, 63),
  (2, 3, 79),
  (2, 4, 12),
  (2, 5, 78),
  (2, 6, 6),
  (2, 7, 41),
  (2, 8, 56),
  (2, 9, 41),
  (2, 10, 72),
  (2, 11, 46),
  (2, 12, 48),
  (2, 13, 58),
  (2, 14, 31),
  (2, 15, 44),
  (2, 16, 90),
  (2, 17, 32),
  (2, 18, 15),
  (2, 19, 68),
  (2, 20, 51),
  (2, 21, 100),
  (2, 22, 2),
  (2, 23, 97),
  (2, 24, 77),
  (2, 25, 81),
  (3, 1, 36),
  (3, 2, 88),
  (3, 3, 83),
  (3, 4, 94),
  (3, 5, 58),
  (3, 6, 61),
  (3, 7, 28),
  (3, 8, 98),
  (3, 9, 8),
  (3, 10, 71),
  (3, 11, 36),
  (3, 12, 41),
  (3, 13, 56),
  (3, 14, 65),
  (3, 15, 85),
  (3, 16, 26),
  (3, 17, 27),
  (3, 18, 22),
  (3, 19, 15),
  (3, 20, 61),
  (3, 21, 2),
  (3, 22, 53),
  (3, 23, 26),
  (3, 24, 76),
  (3, 25, 58);

INSERT INTO bouquet (nom_bouquet, prix_bouquet, desc_bouquet, categorie_bouquet) VALUES
  ("Gros Merci", 45, "Toute occasion", "Marguerites et verdure, parfait pour remercier un ami"),
  ("L'Amoureux", 65, "Saint-Valentin", "Des roses pour l'élu(e) de votre coeur"),
  ("L'Exotique", 40, "Toute occasion", "Arrangement de fleurs exotiques dont des oiseaux du paradis"),
  ("Maman", 35, "Fête des mères", "Pour remercier votre maman ou un membre de votre famille"),
  ("Vive la mariée", 85, "Mariage", "Parfait pour féliciter un couple"),
  ("L'Élégant", 50, "Toute occasion", "Bouquet spécialement conçu pour les partenaires commerciaux");

INSERT INTO compose (id_bouquet, id_produit, quantite_compose) VALUES
  (1, 4, 6),
  (1, 3, 3),
  (1, 19, 1),
  (1, 13, 5),
  (1, 24, 4),
  (2, 5, 7),
  (2, 6, 7),
  (2, 11, 3),
  (2, 19, 1),
  (2, 23, 1),
  (2, 24, 4),
  (2, 22, 2),
  (3, 2, 4),
  (3, 10, 5),
  (3, 19, 1),
  (4, 1, 6),
  (4, 6, 7),
  (4, 11, 2),
  (4, 21, 1),
  (5, 11, 6),
  (5, 16, 8),
  (5, 20, 1),
  (5, 24, 5),
  (5, 25, 8),
  (5, 14, 8),
  (6, 14, 5),
  (6, 17, 4),
  (6, 18, 4),
  (6, 19, 1),
  (6, 24, 5),
  (6, 4, 2);

INSERT INTO commande (statut, message_accompagnement, commentaire_commande, id_magasin, prix_maximum, date_commande, date_livraison_souhaitee, id_adresse, id_client, prix_avant_reduc, pourc_reduc_prix, id_bouquet_base) VALUES
  ("CPAV", "", '', 3, NULL, '2023-04-16 00:00:00', '2023-04-17 00:00:00', 21, 11, 40, 5, 3),
  ("VINV", "", '', 2, NULL, '2022-11-06 00:00:00', '2022-11-08 00:00:00', 22, 12, 35, 0, 4),
  ("CL", "", '', 2, NULL, '2023-01-28 00:00:00', '2023-01-30 00:00:00', 23, 17, 40, 5, 3),
  ("CC", "Bon courage !", '', 1, NULL, '2022-11-02 00:00:00', '2022-11-09 00:00:00', 24, 5, 45, 0, 1),
  ("CC", "", '', 1, NULL, '2023-03-31 00:00:00', '2023-04-06 00:00:00', 25, 17, 40, 0, 3),
  ("VINV", "Bon rétablissement", '', 1, NULL, '2023-04-22 00:00:00', '2023-04-28 00:00:00', 26, 9, 40, 0, 3),
  ("VINV", "Joyeux anniversaire !", '', 2, NULL, '2023-03-31 00:00:00', '2023-04-02 00:00:00', 27, 17, 85, 5, 5),
  ("CL", "Bon courage !", '', 2, NULL, '2022-10-24 00:00:00', '2022-10-30 00:00:00', 28, 8, 50, 5, 6),
  ("CL", "", '', 2, NULL, '2023-04-04 00:00:00', '2023-04-09 00:00:00', 29, 17, 50, 0, 6),
  ("VINV", "", '', 3, NULL, '2023-01-17 00:00:00', '2023-01-23 00:00:00', 30, 7, 50, 5, 6),
  ("CL", "Bonne fête !", '', 2, NULL, '2022-12-25 00:00:00', '2022-12-30 00:00:00', 31, 10, 50, 0, 6),
  ("CL", "Bon courage !", '', 2, NULL, '2022-12-21 00:00:00', '2022-12-24 00:00:00', 32, 17, 65, 0, 2),
  ("CC", "", '', 1, NULL, '2022-10-24 00:00:00', '2022-10-30 00:00:00', 33, 16, 50, 0, 6),
  ("VINV", "", '', 1, NULL, '2022-10-22 00:00:00', '2022-10-28 00:00:00', 34, 12, 40, 0, 3),
  ("CL", "Bon rétablissement", '', 2, NULL, '2023-01-01 00:00:00', '2023-01-07 00:00:00', 35, 6, 65, 0, 2),
  ("VINV", "Bon courage !", '', 2, NULL, '2023-04-07 00:00:00', '2023-04-09 00:00:00', 36, 2, 45, 0, 1),
  ("CC", "Bonne fête !", '', 3, NULL, '2023-02-18 00:00:00', '2023-02-21 00:00:00', 37, 14, 35, 0, 4),
  ("CC", "", '', 3, NULL, '2023-04-30 00:00:00', '2023-05-07 00:00:00', 38, 15, 85, 5, 5),
  ("CPAV", "", '', 1, NULL, '2023-03-26 00:00:00', '2023-03-31 00:00:00', 39, 13, 65, 0, 2),
  ("CC", "", '', 2, NULL, '2023-03-09 00:00:00', '2023-03-10 00:00:00', 40, 4, 35, 0, 4),
  ("CC", "", '', 1, NULL, '2022-12-11 00:00:00', '2022-12-13 00:00:00', 41, 15, 35, 0, 4),
  ("CC", "", '', 3, NULL, '2022-11-06 00:00:00', '2022-11-10 00:00:00', 42, 15, 45, 5, 1),
  ("CC", "", '', 1, NULL, '2022-11-20 00:00:00', '2022-11-22 00:00:00', 43, 17, 45, 0, 1),
  ("CC", "", '', 2, NULL, '2023-02-07 00:00:00', '2023-02-12 00:00:00', 44, 16, 85, 5, 5),
  ("CC", "", '', 1, NULL, '2023-03-23 00:00:00', '2023-03-24 00:00:00', 45, 17, 45, 15, 1),
  ("CL", "", '', 1, NULL, '2023-02-19 00:00:00', '2023-02-22 00:00:00', 46, 12, 35, 5, 4),
  ("CC", "", '', 2, NULL, '2022-11-11 00:00:00', '2022-11-18 00:00:00', 47, 13, 50, 5, 6),
  ("VINV", "", '', 2, NULL, '2023-05-03 00:00:00', '2023-05-06 00:00:00', 48, 8, 40, 15, 3),
  ("CL", "", '', 1, NULL, '2023-01-05 00:00:00', '2023-01-09 00:00:00', 49, 11, 65, 0, 2),
  ("CPAV", "Bonne fête !", '', 3, NULL, '2023-02-26 00:00:00', '2023-03-03 00:00:00', 50, 17, 85, 15, 5),
  ("CC", "", '', 3, NULL, '2022-11-26 00:00:00', '2022-12-01 00:00:00', 51, 10, 45, 5, 1),
  ("VINV", "", '', 2, NULL, '2022-10-16 00:00:00', '2022-10-18 00:00:00', 52, 17, 40, 0, 3),
  ("VINV", "Bon rétablissement", '', 1, NULL, '2023-02-21 00:00:00', '2023-02-26 00:00:00', 53, 14, 35, 15, 4),
  ("VINV", "", '', 3, NULL, '2022-11-06 00:00:00', '2022-11-10 00:00:00', 54, 13, 50, 0, 6),
  ("CC", "", '', 2, NULL, '2023-01-16 00:00:00', '2023-01-20 00:00:00', 55, 9, 45, 15, 1),
  ("CPAV", "", '', 3, NULL, '2023-03-25 00:00:00', '2023-03-30 00:00:00', 56, 7, 40, 0, 3),
  ("CC", "", '', 3, NULL, '2023-02-07 00:00:00', '2023-02-14 00:00:00', 57, 17, 50, 5, 6),
  ("CPAV", "Joyeux anniversaire !", '', 2, NULL, '2023-04-03 00:00:00', '2023-04-04 00:00:00', 58, 14, 40, 15, 3),
  ("VINV", "", '', 3, NULL, '2022-10-31 00:00:00', '2022-11-03 00:00:00', 59, 3, 45, 0, 1),
  ("CC", "", '', 3, NULL, '2022-11-14 00:00:00', '2022-11-15 00:00:00', 60, 16, 45, 5, 1);

INSERT INTO contient (id_commande, id_produit, quantite_contient) VALUES
  (1, 2, 4),
  (1, 10, 5),
  (1, 19, 1),
  (2, 1, 6),
  (2, 6, 7),
  (2, 11, 2),
  (2, 21, 1),
  (3, 2, 4),
  (3, 10, 5),
  (3, 19, 1),
  (4, 4, 6),
  (4, 3, 3),
  (4, 19, 1),
  (4, 13, 5),
  (4, 24, 4),
  (5, 2, 4),
  (5, 10, 5),
  (5, 19, 1),
  (6, 2, 4),
  (6, 10, 5),
  (6, 19, 1),
  (7, 11, 6),
  (7, 16, 8),
  (7, 20, 1),
  (7, 24, 5),
  (7, 25, 8),
  (7, 14, 8),
  (8, 14, 5),
  (8, 17, 4),
  (8, 18, 4),
  (8, 19, 1),
  (8, 24, 5),
  (8, 4, 2),
  (9, 14, 5),
  (9, 17, 4),
  (9, 18, 4),
  (9, 19, 1),
  (9, 24, 5),
  (9, 4, 2),
  (10, 14, 5),
  (10, 17, 4),
  (10, 18, 4),
  (10, 19, 1),
  (10, 24, 5),
  (10, 4, 2),
  (11, 14, 5),
  (11, 17, 4),
  (11, 18, 4),
  (11, 19, 1),
  (11, 24, 5),
  (11, 4, 2),
  (12, 5, 7),
  (12, 6, 7),
  (12, 11, 3),
  (12, 19, 1),
  (12, 23, 1),
  (12, 24, 4),
  (12, 22, 2),
  (13, 14, 5),
  (13, 17, 4),
  (13, 18, 4),
  (13, 19, 1),
  (13, 24, 5),
  (13, 4, 2),
  (14, 2, 4),
  (14, 10, 5),
  (14, 19, 1),
  (15, 5, 7),
  (15, 6, 7),
  (15, 11, 3),
  (15, 19, 1),
  (15, 23, 1),
  (15, 24, 4),
  (15, 22, 2),
  (16, 4, 6),
  (16, 3, 3),
  (16, 19, 1),
  (16, 13, 5),
  (16, 24, 4),
  (17, 1, 6),
  (17, 6, 7),
  (17, 11, 2),
  (17, 21, 1),
  (18, 11, 6),
  (18, 16, 8),
  (18, 20, 1),
  (18, 24, 5),
  (18, 25, 8),
  (18, 14, 8),
  (19, 5, 7),
  (19, 6, 7),
  (19, 11, 3),
  (19, 19, 1),
  (19, 23, 1),
  (19, 24, 4),
  (19, 22, 2),
  (20, 1, 6),
  (20, 6, 7),
  (20, 11, 2),
  (20, 21, 1),
  (21, 1, 6),
  (21, 6, 7),
  (21, 11, 2),
  (21, 21, 1),
  (22, 4, 6),
  (22, 3, 3),
  (22, 19, 1),
  (22, 13, 5),
  (22, 24, 4),
  (23, 4, 6),
  (23, 3, 3),
  (23, 19, 1),
  (23, 13, 5),
  (23, 24, 4),
  (24, 11, 6),
  (24, 16, 8),
  (24, 20, 1),
  (24, 24, 5),
  (24, 25, 8),
  (24, 14, 8),
  (25, 4, 6),
  (25, 3, 3),
  (25, 19, 1),
  (25, 13, 5),
  (25, 24, 4),
  (26, 1, 6),
  (26, 6, 7),
  (26, 11, 2),
  (26, 21, 1),
  (27, 14, 5),
  (27, 17, 4),
  (27, 18, 4),
  (27, 19, 1),
  (27, 24, 5),
  (27, 4, 2),
  (28, 2, 4),
  (28, 10, 5),
  (28, 19, 1),
  (29, 5, 7),
  (29, 6, 7),
  (29, 11, 3),
  (29, 19, 1),
  (29, 23, 1),
  (29, 24, 4),
  (29, 22, 2),
  (30, 11, 6),
  (30, 16, 8),
  (30, 20, 1),
  (30, 24, 5),
  (30, 25, 8),
  (30, 14, 8),
  (31, 4, 6),
  (31, 3, 3),
  (31, 19, 1),
  (31, 13, 5),
  (31, 24, 4),
  (32, 2, 4),
  (32, 10, 5),
  (32, 19, 1),
  (33, 1, 6),
  (33, 6, 7),
  (33, 11, 2),
  (33, 21, 1),
  (34, 14, 5),
  (34, 17, 4),
  (34, 18, 4),
  (34, 19, 1),
  (34, 24, 5),
  (34, 4, 2),
  (35, 4, 6),
  (35, 3, 3),
  (35, 19, 1),
  (35, 13, 5),
  (35, 24, 4),
  (36, 2, 4),
  (36, 10, 5),
  (36, 19, 1),
  (37, 14, 5),
  (37, 17, 4),
  (37, 18, 4),
  (37, 19, 1),
  (37, 24, 5),
  (37, 4, 2),
  (38, 2, 4),
  (38, 10, 5),
  (38, 19, 1),
  (39, 4, 6),
  (39, 3, 3),
  (39, 19, 1),
  (39, 13, 5),
  (39, 24, 4),
  (40, 4, 6),
  (40, 3, 3),
  (40, 19, 1),
  (40, 13, 5),
  (40, 24, 4);
